Date,Description,Category,Amount,Type
2026-08-01,HDFC SALARY CREDIT - AUGUST,INCOME,65000,CREDIT
2026-08-02,NETFLIX & OTT AUTO-DEBIT,SUBSCRIPTION,499,DEBIT
2026-08-04,SWIGGY FOOD ORDER,FOOD,580,DEBIT
2026-08-07,BSES ELECTRICITY BILL,UTILITIES,1420,DEBIT
2026-08-10,AMAZON INDIA RETAIL,SHOPPING,3499,DEBIT
2026-08-12,PETROL PUMP HPCL,TRANSPORT,2000,DEBIT
2026-08-15,GYM MEMBERSHIP AUTO-DEBIT,SUBSCRIPTION,1499,DEBIT
2026-08-18,SPOTIFY PREMIUM RECURRING,SUBSCRIPTION,119,DEBIT
2026-08-20,INTEREST CREDIT - SAVINGS,INCOME,350,CREDIT
